Species,Mean,Variance,Std Dev,Min,Max
Setosa,1.4653061224489798,0.03064625850340136,0.17506072804430284,1.0,1.9
Versicolor,4.263265306122449,0.22487244897959188,0.47420717938427703,3.0,5.1
