,sepal_length,sepal_width,petal_length,petal_width
count,149.0,149.0,149.0,149.0
mean,5.8483221476510066,3.051006711409396,3.774496644295302,1.2053691275167786
std,0.8285940572656173,0.4334988777167476,1.7596511617753423,0.7612920413899603
min,4.3,2.0,1.0,0.1
25%,5.1,2.8,1.6,0.3
50%,5.8,3.0,4.4,1.3
75%,6.4,3.3,5.1,1.8
max,7.9,4.4,6.9,2.5
