Metric,Value
T-Statistic,-37.88350552802848
P-Value,2.0285658507851847e-37
Cohen's d,-7.8278955411831594
